create table client
(
    id    bigint generated by default as identity
        constraint client_pkey
            primary key,
    name  text,
    terms boolean
);

alter table client
    owner to postgres;

INSERT INTO public.client (id, name, terms) VALUES (1, 'Kalle Gustav', true);
INSERT INTO public.client (id, name, terms) VALUES (2, 'Angelos', true);


create table client_sector
(
    id        bigint generated by default as identity
        constraint client_sector_pkey
            primary key,
    sector_id bigint
        constraint fk_sector_id
            references sector,
    client_id bigint
        constraint fk_client_id
            references client
);

alter table client_sector
    owner to postgres;

INSERT INTO public.client_sector (id, sector_id, client_id) VALUES (1, 1, 1);
INSERT INTO public.client_sector (id, sector_id, client_id) VALUES (2, 3, 1);
INSERT INTO public.client_sector (id, sector_id, client_id) VALUES (3, 8, 1);
INSERT INTO public.client_sector (id, sector_id, client_id) VALUES (4, 8, 2);
INSERT INTO public.client_sector (id, sector_id, client_id) VALUES (5, 9, 2);
INSERT INTO public.client_sector (id, sector_id, client_id) VALUES (6, 10, 2);
INSERT INTO public.client_sector (id, sector_id, client_id) VALUES (7, 11, 2);
INSERT INTO public.client_sector (id, sector_id, client_id) VALUES (8, 12, 2);
INSERT INTO public.client_sector (id, sector_id, client_id) VALUES (9, 13, 2);
INSERT INTO public.client_sector (id, sector_id, client_id) VALUES (10, 14, 2);
INSERT INTO public.client_sector (id, sector_id, client_id) VALUES (11, 15, 2);


create table databasechangelog
(
    id            varchar(255) not null,
    author        varchar(255) not null,
    filename      varchar(255) not null,
    dateexecuted  timestamp    not null,
    orderexecuted integer      not null,
    exectype      varchar(10)  not null,
    md5sum        varchar(35),
    description   varchar(255),
    comments      varchar(255),
    tag           varchar(255),
    liquibase     varchar(20),
    contexts      varchar(255),
    labels        varchar(255),
    deployment_id varchar(10)
);

alter table databasechangelog
    owner to postgres;

INSERT INTO public.databasechangelog (id, author, filename, dateexecuted, orderexecuted, exectype, md5sum, description, comments, tag, liquibase, contexts, labels, deployment_id) VALUES ('200713 creation of tables', 'rain', 'db/changelog/db.changelog-1.0.yaml', '2020-07-19 04:48:55.070044', 1, 'EXECUTED', '8:55252308d90041733e265e1ddea7be0e', 'createTable tableName=sector; createTable tableName=client; createTable tableName=client_sector', '', null, '3.8.9', null, null, '5123334994');
INSERT INTO public.databasechangelog (id, author, filename, dateexecuted, orderexecuted, exectype, md5sum, description, comments, tag, liquibase, contexts, labels, deployment_id) VALUES ('200713 sectors insertion', 'rain', 'db/changelog/db.changelog-1.0.yaml', '2020-07-19 04:48:55.296103', 2, 'EXECUTED', '8:a121654a1ad84c7d7ee6d8c5c21895f9', 'sql; sql; sql; sql; sql; sql; sql; sql; sql; sql; sql; sql; sql; sql; sql; sql; sql; sql; sql; sql; sql; sql; sql; sql; sql; sql; sql; sql; sql; sql; sql; sql; sql; sql; sql; sql; sql; sql; sql; sql; sql; sql; sql; sql; sql; sql; sql; sql; sql; sq...', '', null, '3.8.9', null, null, '5123334994');
INSERT INTO public.databasechangelog (id, author, filename, dateexecuted, orderexecuted, exectype, md5sum, description, comments, tag, liquibase, contexts, labels, deployment_id) VALUES ('200713 creation of tables', 'rain', 'db/changelog/db.changelog-1.0.yaml', '2020-07-19 04:48:55.070044', 1, 'EXECUTED', '8:55252308d90041733e265e1ddea7be0e', 'createTable tableName=sector; createTable tableName=client; createTable tableName=client_sector', '', null, '3.8.9', null, null, '5123334994');
INSERT INTO public.databasechangelog (id, author, filename, dateexecuted, orderexecuted, exectype, md5sum, description, comments, tag, liquibase, contexts, labels, deployment_id) VALUES ('200713 sectors insertion', 'rain', 'db/changelog/db.changelog-1.0.yaml', '2020-07-19 04:48:55.296103', 2, 'EXECUTED', '8:a121654a1ad84c7d7ee6d8c5c21895f9', 'sql; sql; sql; sql; sql; sql; sql; sql; sql; sql; sql; sql; sql; sql; sql; sql; sql; sql; sql; sql; sql; sql; sql; sql; sql; sql; sql; sql; sql; sql; sql; sql; sql; sql; sql; sql; sql; sql; sql; sql; sql; sql; sql; sql; sql; sql; sql; sql; sql; sq...', '', null, '3.8.9', null, null, '5123334994');


create table databasechangeloglock
(
    id          integer not null
        constraint databasechangeloglock_pkey
            primary key,
    locked      boolean not null,
    lockgranted timestamp,
    lockedby    varchar(255)
);

alter table databasechangeloglock
    owner to postgres;

INSERT INTO public.databasechangeloglock (id, locked, lockgranted, lockedby) VALUES (1, false, null, null);


create table sector
(
    id        bigint generated by default as identity
        constraint sector_pkey
            primary key,
    sector    text,
    parent_id bigint
        constraint fk_sector_parent
            references sector
);

alter table sector
    owner to postgres;

INSERT INTO public.sector (id, sector, parent_id) VALUES (1, 'Manufacturing', null);
INSERT INTO public.sector (id, sector, parent_id) VALUES (2, 'Construction materials', 1);
INSERT INTO public.sector (id, sector, parent_id) VALUES (3, 'Electronics and Optics', 1);
INSERT INTO public.sector (id, sector, parent_id) VALUES (4, 'Food and Beverage', 1);
INSERT INTO public.sector (id, sector, parent_id) VALUES (5, 'Bakery ja confectionery products', 4);
INSERT INTO public.sector (id, sector, parent_id) VALUES (6, 'Beverages', 4);
INSERT INTO public.sector (id, sector, parent_id) VALUES (7, 'Fish & fish products', 4);
INSERT INTO public.sector (id, sector, parent_id) VALUES (8, 'Meat & meat products', 4);
INSERT INTO public.sector (id, sector, parent_id) VALUES (9, 'Milk ja diary products', 4);
INSERT INTO public.sector (id, sector, parent_id) VALUES (10, 'Other', 4);
INSERT INTO public.sector (id, sector, parent_id) VALUES (11, 'Sweets ja snack food', 4);
INSERT INTO public.sector (id, sector, parent_id) VALUES (12, 'Furniture', 1);
INSERT INTO public.sector (id, sector, parent_id) VALUES (13, 'Bathroom/sauna', 12);
INSERT INTO public.sector (id, sector, parent_id) VALUES (14, 'Bedroom', 12);
INSERT INTO public.sector (id, sector, parent_id) VALUES (15, 'Chlidrens room', 12);
INSERT INTO public.sector (id, sector, parent_id) VALUES (16, 'Kitchen', 12);
INSERT INTO public.sector (id, sector, parent_id) VALUES (17, 'Living room', 12);
INSERT INTO public.sector (id, sector, parent_id) VALUES (18, 'Office', 12);
INSERT INTO public.sector (id, sector, parent_id) VALUES (19, 'Other (funiture)', 12);
INSERT INTO public.sector (id, sector, parent_id) VALUES (20, 'Outdoor', 12);
INSERT INTO public.sector (id, sector, parent_id) VALUES (21, 'Porject furniture', 12);
INSERT INTO public.sector (id, sector, parent_id) VALUES (22, 'Machinery', 1);
INSERT INTO public.sector (id, sector, parent_id) VALUES (23, 'Machinery components', 22);
INSERT INTO public.sector (id, sector, parent_id) VALUES (24, 'Machinery equipment/tools', 22);
INSERT INTO public.sector (id, sector, parent_id) VALUES (25, 'Manufacture of machinery', 22);
INSERT INTO public.sector (id, sector, parent_id) VALUES (26, 'Maritime', 22);
INSERT INTO public.sector (id, sector, parent_id) VALUES (27, 'Aluminium and steel workboats', 26);
INSERT INTO public.sector (id, sector, parent_id) VALUES (28, 'Boat/Yaht building', 26);
INSERT INTO public.sector (id, sector, parent_id) VALUES (29, 'Ship repair and conversion', 26);
INSERT INTO public.sector (id, sector, parent_id) VALUES (30, 'Metal structures', 22);
INSERT INTO public.sector (id, sector, parent_id) VALUES (31, 'Other', 22);
INSERT INTO public.sector (id, sector, parent_id) VALUES (32, 'Repair and maintenance service', 22);
INSERT INTO public.sector (id, sector, parent_id) VALUES (33, 'Metalworking', 1);
INSERT INTO public.sector (id, sector, parent_id) VALUES (34, 'Construction of metal structures', 33);
INSERT INTO public.sector (id, sector, parent_id) VALUES (35, 'Houses and buildings', 33);
INSERT INTO public.sector (id, sector, parent_id) VALUES (36, 'Metal products', 33);
INSERT INTO public.sector (id, sector, parent_id) VALUES (37, 'Metal works', 33);
INSERT INTO public.sector (id, sector, parent_id) VALUES (38, 'CNC-machining', 37);
INSERT INTO public.sector (id, sector, parent_id) VALUES (39, 'Forging, Fasteners', 37);
INSERT INTO public.sector (id, sector, parent_id) VALUES (40, 'Gas, Plasma, Laser cutting', 37);
INSERT INTO public.sector (id, sector, parent_id) VALUES (41, 'MIG, TIG, Aluminium welding', 37);
INSERT INTO public.sector (id, sector, parent_id) VALUES (42, 'Plastic and Rubber', 1);
INSERT INTO public.sector (id, sector, parent_id) VALUES (43, 'Packaging', 42);
INSERT INTO public.sector (id, sector, parent_id) VALUES (44, 'Plastic goods', 42);
INSERT INTO public.sector (id, sector, parent_id) VALUES (45, 'Plastic processing tehnology', 42);
INSERT INTO public.sector (id, sector, parent_id) VALUES (46, 'Blowing', 45);
INSERT INTO public.sector (id, sector, parent_id) VALUES (47, 'Moulding', 45);
INSERT INTO public.sector (id, sector, parent_id) VALUES (48, 'Plastic welding and processing', 45);
INSERT INTO public.sector (id, sector, parent_id) VALUES (49, 'Plastic profiles', 42);
INSERT INTO public.sector (id, sector, parent_id) VALUES (50, 'Printing', 1);
INSERT INTO public.sector (id, sector, parent_id) VALUES (51, 'Advertising', 50);
INSERT INTO public.sector (id, sector, parent_id) VALUES (52, 'Book/Periodicals printing', 50);
INSERT INTO public.sector (id, sector, parent_id) VALUES (53, 'Labelling and packaging printing', 50);
INSERT INTO public.sector (id, sector, parent_id) VALUES (54, 'Textile and Clothing', 1);
INSERT INTO public.sector (id, sector, parent_id) VALUES (55, 'Clothing', 54);
INSERT INTO public.sector (id, sector, parent_id) VALUES (56, 'Textile', 54);
INSERT INTO public.sector (id, sector, parent_id) VALUES (57, 'Wood', 1);
INSERT INTO public.sector (id, sector, parent_id) VALUES (58, 'Other (Wood)', 57);
INSERT INTO public.sector (id, sector, parent_id) VALUES (59, 'Wooden building materials', 57);
INSERT INTO public.sector (id, sector, parent_id) VALUES (60, 'Wooden houses', 57);
INSERT INTO public.sector (id, sector, parent_id) VALUES (61, 'Other', null);
INSERT INTO public.sector (id, sector, parent_id) VALUES (62, 'Creative industries', 61);
INSERT INTO public.sector (id, sector, parent_id) VALUES (63, 'Energy technology', 61);
INSERT INTO public.sector (id, sector, parent_id) VALUES (64, 'Envoirement', 61);
INSERT INTO public.sector (id, sector, parent_id) VALUES (65, 'Service', null);
INSERT INTO public.sector (id, sector, parent_id) VALUES (66, 'Businesse service', 65);
INSERT INTO public.sector (id, sector, parent_id) VALUES (67, 'Engineering', 65);
INSERT INTO public.sector (id, sector, parent_id) VALUES (68, 'Information Technology and Telecommunications', 65);
INSERT INTO public.sector (id, sector, parent_id) VALUES (69, 'Data processing, Web portals, E-marketing', 68);
INSERT INTO public.sector (id, sector, parent_id) VALUES (70, 'Programming, Consultancy', 68);
INSERT INTO public.sector (id, sector, parent_id) VALUES (71, 'Software, Hardware', 68);
INSERT INTO public.sector (id, sector, parent_id) VALUES (72, 'Telecommunications', 68);
INSERT INTO public.sector (id, sector, parent_id) VALUES (73, 'Tourism', 65);
INSERT INTO public.sector (id, sector, parent_id) VALUES (74, 'Translation services', 65);
INSERT INTO public.sector (id, sector, parent_id) VALUES (75, 'Transport and Logistics', 65);
INSERT INTO public.sector (id, sector, parent_id) VALUES (76, 'Air', 75);
INSERT INTO public.sector (id, sector, parent_id) VALUES (77, 'Rail', 75);
INSERT INTO public.sector (id, sector, parent_id) VALUES (78, 'Road', 75);
INSERT INTO public.sector (id, sector, parent_id) VALUES (79, 'Water', 75);